NOME;CPF
ADA DAMIAO;21499268734
ADRIANO OLIVEIRA CHAVES;86501224187
ALAN SILVA;71054340153
ALANA MIRANDA;99937271134
ALESSANDRO SILVEIRA FURTADO;99734052187
ALEX CERQUEIRA ROCHA J⁄NIOR;03671671157
ALEXANDRE GOMIDE LEMOS;44351143134
AMANDA CARVALHO NOLASCO;06603258455
ANA CLAUDIA;60267097115
ANA PAULA ERGANG;00617583102
ANA RAQUEL DA SILVA GUERRA;11765870488
ANNELISSE TEODORA ALVES CORREA;12409124712
AREF ASSREUY J⁄NIOR;26668246168
AVELINO FERREIRA BARBOSA FILHO;06950772440
BIANCA P”VOA DE SOUZA;02183050101
CADASTRADO PELO CPF;69226172153
CAIO CESAR ALMEIDA ROCHA;01493627147
CAIO PORTO FERREIRA;07682064722
CARLA GARCIA PROTASIO;76858286187
CARLOS CESAR LANGAMER;82345791187
CAROLINA RODRIGUES;69226288100
CELVORA OLIVEIRA;40072541172
CHRISTIAN ALVIM;56347588153
CLAUDIO DE CASTRO PANOEIRO;01167028775
CLAUDIO H L VIEIRA;69307989168
CLAYDSON DE ALMEIDA CARDOSO;89723988100
CLEBER TAKAMITI NISHIKAWA;56112270153
CLIENTE FIDELIDADE;67003036134
CLIENTE FIDELIDADE;04693385638
CLIENTE FIDELIDADE;87443929153
CLIENTE FIDELIDADE;66097681372
CLIENTE FIDELIDADE;78835844568
CLIENTE FIDELIDADE;81550235168
CLIENTE FIDELIDADE;06240127949
CLIENTE FIDELIDADE;00972078100
CLIENTE FIDELIDADE;63610663120
CRISTIANE RENTZSCH;80209076020
DANIEL;09708790168
DANIEL SOUZA VOLPE;28644588885
DANIELE CRISTINA DE OLIVEIRA AUAD;72324988100
DANYELLA PEREIRA;70472728440
DAYSE LUCY RODRIGUES;04754324609
DEBORA Q AFONSO;31647391172
DEM”STENES TRES ALBUQUERQUE;46207244168
DENISE MAURICIA GON«ALVES MARTINS;51258811120
DENISSE DIAS;28309597878
DHARLAN OLIVEIRA;72386630153
DIEGO PEDERNEIRAS MORAES ROCHA;07189152407
DIEGO PEREIRA;10824182774
DOUGLAS DE OLIVEIRA SANTOS;03886920143
EDMILSON MACHADO DE ALMEIDA NETO;02147514144
ELAINE CRISTINA KANNO;95197648104
ELIZETE PINHEIRO DA COSTA;32738692591
EMMANUEL MACEDO DA SILVA FILHO;00361697309
EVALDO FERNANDES FILHO;67428134668
EVANDRO DE ANDRADE BASTOS;00487244168
FELIPE DA SILVA;02828071952
FELIPE FASSY;81429991100
FERNANDA ZAMORANO;06389359624
FERNANDO HENRIQUE HASEGAWA;37975133809
FERNANDO POCHYLY DA COSTA;49060180178
FRANCISCO AGOSTINHO DO NASCIMENTO;32450257349
FRANCISCO MARCOS;57323054168
GABRIEL DOURADO;04202754360
GLEICIENE DULCE FERREIRA;01198542101
GLEITON PEREIRA BARBOSA BARBOSA;70957959168
GRAZIELA SILVA;07657134704
GUSTAVO CORDEIRO GALVAO VAN ERVENN;87583100100
HELENA ROSA SLONGO;89289390972
H…LIO CINCINATO DE OLIVEIRA;47241071620
HENRIQUE MARCELLO DOS REIS;14214549805
HENRIQUE RAMOS;95491597791
HUGO LOBATO;80642861749
ISADORA CAMARGO LAITANO;01530303052
ISRAEL ALMEIDA;39940057873
IVAN LUIS D IUNES;89895363168
IVANA CARVALHO;61050008120
JESSICA BIANCA ALVES;04030247148
JOSE;01566570662
JOSE ILO ROGERIO DE HOLANDA;20226179320
JOS…LIA DE NAZAR… TRINDADE DE QUEIROZ;56362277104
JOYCE LUSTOSA BELGA;86679953120
JULIANA FERRAZ DINIZ;02356268480
KARINE MACHADO;60591595168
KISSILA;02735863514
LEONARDO AUGUSTO ALBERGUINI LUCIO DE LIMA;73267279100
LIZETE REIS;80219683700
LUCAS TIVERON;05206142166
LUCIANO FERRAREZ;69100900125
LUIZ HENRIQUE MOURA;01184871167
MARCELO MACEIRAS;31062465881
MARCIO SALES;37052500353
MARCOS BANDEIRA;85594954449
MARCOS PAULO CARDOSO COELHO DA SILVA;60189789115
MARIA DILZA REINECKEN DE ARAUJO;48808008134
MARICEMA SANTOS DE OLIVEIRA RAMOS;02792212403
MARIO GUERREIRO;01358613737
MATEUS ROCHA;00571573169
MAURO BORGES;79022537749
MILENE AMORIM;00245955194
OTELINO MOREIRA DOS SANTOS;30533007100
PAULO;03513090129
PAULO CESAR GOMES;54898269320
PEDRO HENRIQUE DUARTE OLIVEIRA;95547614300
RAFAEL MAIA CORREA;90842847200
RAPHAEL MESQUITA CARNEIRO;70189617187
RENATA ROCHA;03630884660
RODOLFO DOS SANTOS BORN;02299581170
RODRIGO GIMENEZ RIBEIRO;26422197802
RODRIGO RIBEIRO;07101222765
SANDRA LIRA;57317640182
SAULO LOPES MARINHO;00764364464
SIMONE GAMA ANDRADE;51582023115
SUELEN SOUSA RODRIGUES;95742255187
TAIS LIBANIO DE OLIVEIRA ROCHA;81079990100
THIAGO ALMEIDA PAIVA;71480625191
THIAGO GUEDES;08734051708
TIAGO LINHARES DIAS;89858484100
TIAGO POZZA;03927718963
VERA SARMET;10240250125
VICTOR HUGO FARIAS;03750968179
WALBER;06669759657
WALLACE SOUSA;66419603404
